{"cameraMode":{"drawMode":0,"name":"Shaded","section":"Shading Mode"},"sceneLighting":true,"audioPlay":false,"sceneViewState":{"m_AlwaysRefresh":false,"showFog":true,"showSkybox":true,"showFlares":true,"showImageEffects":true,"showParticleSystems":true,"showVisualEffectGraphs":true,"m_FxEnabled":true},"in2DMode":false,"pivot":{"x":2.617033004760742,"y":14.619874954223633,"z":-2.205697536468506},"rotation":{"x":0.016232430934906007,"y":-0.6267433762550354,"z":0.010468958877027035,"w":0.7794870734214783},"size":4.671231269836426,"orthographic":false}