{"cameraMode":{"drawMode":0,"name":"Shaded","section":"Shading Mode"},"sceneLighting":false,"audioPlay":false,"sceneViewState":{"m_AlwaysRefresh":false,"showFog":true,"showSkybox":false,"showFlares":true,"showImageEffects":true,"showParticleSystems":true,"showVisualEffectGraphs":true,"m_FxEnabled":true},"in2DMode":false,"pivot":{"x":12.523978233337403,"y":-2.152580499649048,"z":5.970078468322754},"rotation":{"x":0.2955057621002197,"y":0.01837264932692051,"z":-0.005520964041352272,"w":0.9552760720252991},"size":11.026707649230957,"orthographic":false}